Birth Rate,Business Tax Rate,Days to Start Business,Energy Usage,GDP,Health Exp % GDP,Health Exp/Capita,Hours to do Tax,Infant Mortality Rate,Internet Usage,Lending Interest,Life Expectancy Female,Life Expectancy Male,Mobile Phone Usage,Population 0-14,Population 15-64,Population 65+,Population Urban,Region,Country
0.025,0.72,25,41852,199070864638.00,0.044,233,451,0.023,0.1,0.08,72,69,0.9,0.272,0.681,0.047,0.682,Africa,Algeria
0.046,0.52,66,13576,104115863405.00,0.034,178,282,0.107,0.1,0.188,53,50,0.5,0.477,0.499,0.024,0.409,Africa,Angola
0.037,0.66,29,3761,7294900431.00,0.045,34,270,0.06,0,,60,58,0.8,0.432,0.539,0.029,0.423,Africa,Benin
0.024,0.2,60,2215,15292424757.00,0.052,404,152,0.039,0.1,0.11,46,47,1.5,0.34,0.625,0.035,0.565,Africa,Botswana
0.042,0.44,13,,10395757480.00,0.064,39,270,0.068,0,,56,55,0.5,0.458,0.517,0.025,0.265,Africa,Burkina Faso
0.045,0.52,13,,2355652064.00,0.09,21,274,0.059,0,0.132,55,51,0.2,0.44,0.535,0.025,0.109,Africa,Burundi
0.038,0.49,15,6720,25486923059.00,0.054,64,654,0.064,0.1,,55,53,0.5,0.432,0.535,0.032,0.521,Africa,Cameroon
0.035,0.55,22,,2195599491.00,0.039,19,504,0.1,0,,51,47,0.2,0.404,0.558,0.039,0.39,Africa,Central African Republic
0.047,0.76,55,,12156380062.00,0.028,25,732,0.092,0,,51,49,0.3,0.487,0.488,0.025,0.22,Africa,Chad
0.036,2.18,22,,610372697.00,0.036,31,100,0.061,0.1,0.105,62,59,0.3,0.422,0.549,0.029,0.28,Africa,Comoros
0.044,3.39,65,24497,23831631365.00,0.061,15,336,0.09,0,0.438,51,48,0.2,0.453,0.519,0.028,0.404,Africa,"Congo, Dem. Rep."
0.038,0.65,161,1659,14425606793.00,0.025,85,606,0.039,0.1,,59,56,0.9,0.423,0.543,0.034,0.637,Africa,"Congo, Rep."
0.037,0.44,32,11233,24074553674.00,0.068,84,270,0.075,0,,51,49,0.9,0.417,0.552,0.031,0.513,Africa,Cote d'Ivoire
0.028,0.38,37,,1239144502.00,0.087,119,82,0.061,0.1,0.106,62,59,0.2,0.339,0.623,0.038,0.771,Africa,Djibouti
0.024,0.44,8,77649,236000735704.00,0.049,137,433,0.019,0.4,0.11,73,68,1.1,0.314,0.631,0.056,0.43,Africa,"Egypt, Arab Rep."
0.036,0.44,135,,15715842151.00,0.045,1051,492,0.073,0.1,,54,51,0.7,0.391,0.58,0.029,0.393,Africa,Equatorial Guinea
0.038,0.85,84,765,2607739837.00,0.027,12,216,0.038,0,,64,59,0,0.431,0.548,0.022,0.21,Africa,Eritrea
0.034,0.3,15,34064,31367606700.00,0.041,14,198,0.048,0,,64,61,0.2,0.439,0.528,0.033,0.177,Africa,Ethiopia
0.032,0.44,57,1997,18796191833.00,0.034,401,488,0.042,0.1,,64,62,1.5,0.385,0.562,0.053,0.86,Africa,Gabon
0.043,2.83,27,,898282866.00,0.047,24,376,0.051,0.1,0.28,60,57,0.8,0.459,0.516,0.025,0.57,Africa,"Gambia, The"
0.032,0.33,12,10550,39564970070.00,0.053,83,224,0.054,0.1,,62,60,0.9,0.388,0.577,0.035,0.514,Africa,Ghana
0.038,0.91,40,,5067360041.00,0.06,27,416,0.069,0,,56,55,0.4,0.427,0.542,0.031,0.353,Africa,Guinea
0.038,0.46,9,,967762549.00,0.063,35,208,0.082,0,,55,52,0.5,0.417,0.553,0.029,0.461,Africa,Guinea-Bissau
0.036,0.49,33,20179,34313315840.00,0.044,35,393,0.05,0.3,0.15,62,59,0.7,0.425,0.549,0.026,0.24,Africa,Kenya
0.028,0.16,40,,2487352968.00,0.117,146,324,0.073,0,0.104,48,48,0.6,0.372,0.586,0.042,0.253,Africa,Lesotho
0.037,0.43,6,,1537753885.00,0.156,59,158,0.058,0,0.138,61,59,0.5,0.432,0.537,0.031,0.482,Africa,Liberia
0.022,,,13342,34699395524.00,0.039,211,,0.014,0.1,0.06,77,73,1.6,0.294,0.659,0.046,0.778,Africa,Libya
0.035,0.37,8,,9853981624.00,0.041,19,201,0.042,0,0.525,65,62,0.4,0.431,0.541,0.028,0.326,Africa,Madagascar
0.04,0.29,39,,5627898037.00,0.083,30,157,0.049,0,0.238,54,54,0.3,0.456,0.512,0.031,0.157,Africa,Malawi
0.048,0.51,8,,10647545670.00,0.068,51,270,0.081,0,,54,54,0.8,0.47,0.502,0.029,0.368,Africa,Mali
0.035,0.68,19,,4136083856.00,0.059,51,696,0.069,0,0.17,63,60,0.9,0.404,0.565,0.031,0.573,Africa,Mauritania
0.011,0.28,6,,11252405860.00,0.049,450,161,0.013,0.4,0.089,77,70,1,0.206,0.713,0.08,0.404,Africa,Mauritius
0.022,0.5,12,17283,99211339029.00,0.063,195,238,0.028,0.5,,72,69,1.1,0.279,0.671,0.05,0.582,Africa,Morocco
0.04,0.38,13,10202,12547888400.00,0.064,33,230,0.068,0,0.191,50,49,0.3,0.454,0.514,0.032,0.312,Africa,Mozambique
0.027,0.22,66,1589,12451760766.00,0.086,486,339,0.036,0.1,0.087,66,61,1,0.371,0.594,0.035,0.426,Africa,Namibia
0.05,0.44,17,,6411842066.00,0.068,25,270,0.064,0,,58,57,0.3,0.499,0.475,0.026,0.178,Africa,Niger
0.042,0.33,28,118325,411743801712.00,0.057,85,938,0.079,0.3,0.16,52,51,0.6,0.441,0.531,0.027,0.444,Africa,Nigeria
0.036,0.31,3,,6406727020.00,0.11,62,148,0.041,0.1,,65,61,0.4,0.442,0.535,0.023,0.249,Africa,Rwanda
0.036,0.33,10,,248286778.00,0.076,108,424,0.039,0.2,0.27,68,64,0.6,0.416,0.549,0.035,0.626,Africa,Sao Tome and Principe
0.038,0.46,6,3515,14440676498.00,0.05,54,666,0.046,0.2,,65,62,0.7,0.436,0.534,0.031,0.425,Africa,Senegal
0.019,0.32,39,,1059593023.00,0.036,413,76,0.012,0.4,0.112,78,68,1.4,0.222,0.702,0.076,0.526,Africa,Seychelles
0.038,0.32,12,,2932273988.00,0.163,82,357,0.112,0,0.21,45,45,0.4,0.42,0.554,0.026,0.386,Africa,Sierra Leone
0.045,,,,,,,,0.095,0,,56,53,0.2,0.475,0.496,0.028,0.377,Africa,Somalia
0.021,0.32,19,141372,403894316555.00,0.087,670,200,0.034,0.3,0.09,57,53,1.2,0.296,0.651,0.053,0.627,Africa,South Africa
0.037,,,,20782116982.00,0.017,32,,0.068,,,55,53,0.2,0.426,0.54,0.034,0.18,Africa,South Sudan
0.034,0.36,36,16622,67320812663.00,0.067,119,180,0.054,0.2,,63,60,0.7,0.418,0.551,0.032,0.332,Africa,Sudan
0.031,0.37,56,,4145772237.00,0.083,270,104,0.058,0.2,0.09,48,49,0.6,0.384,0.582,0.034,0.214,Africa,Swaziland
0.04,0.45,26,20747,23874165047.00,0.074,38,172,0.039,0,0.15,61,59,0.6,0.449,0.52,0.031,0.288,Africa,Tanzania
0.037,0.49,84,2764,3756023048.00,0.08,43,270,0.059,0,,57,55,0.4,0.42,0.553,0.027,0.38,Africa,Togo
0.019,0.62,11,9504,45951129422.00,0.07,304,144,0.014,0.4,,77,73,1.2,0.233,0.697,0.07,0.661,Africa,Tunisia
0.044,0.35,33,,15493320082.00,0.093,41,213,0.049,0.1,0.218,59,57,0.5,0.487,0.489,0.024,0.148,Africa,Uganda
0.043,0.14,18,8462,19201691493.00,0.062,87,183,0.059,0.1,0.188,57,54,0.6,0.468,0.505,0.026,0.392,Africa,Zambia
0.032,0.34,90,9312,10956226611.00,,,242,0.058,0.2,,56,55,0.7,0.408,0.552,0.04,0.33,Africa,Zimbabwe
0.037,0.36,7,,17870159082.00,0.084,48,275,0.074,0.1,0.151,61,59,0.6,0.481,0.497,0.022,0.251,Asia,Afghanistan
0.014,0.39,8,2716,10142342770.00,0.037,127,500,0.015,0.3,0.178,78,71,1.1,0.204,0.692,0.104,0.634,Asia,Armenia
0.019,0.4,8,12561,65951627200.00,0.05,359,225,0.032,0.5,0.19,74,68,1.1,0.224,0.718,0.058,0.536,Asia,Azerbaijan
0.021,0.35,19,31294,111905616039.00,0.038,27,302,0.037,0.1,0.133,71,69,0.6,0.311,0.642,0.047,0.312,Asia,Bangladesh
0.02,0.41,36,,1840841618.00,0.037,94,274,0.033,0.2,0.14,68,67,0.7,0.291,0.663,0.046,0.356,Asia,Bhutan
0.016,0.17,101,3832,16691360399.00,0.022,917,96,0.008,0.6,0.055,80,76,1.1,0.262,0.7,0.038,0.759,Asia,Brunei Darussalam
0.026,0.21,102,5333,12829541141.00,0.056,49,173,0.036,0,,74,68,0.9,0.314,0.634,0.051,0.2,Asia,Cambodia
0.012,0.64,38,2727728,7321891954613.00,0.051,274,358,0.013,0.4,0.066,76,74,0.7,0.18,0.735,0.085,0.506,Asia,China
0.014,0.17,2,3543,14434619972.00,0.094,310,387,0.014,0.3,0.15,78,70,1,0.174,0.684,0.142,0.53,Asia,Georgia
0.014,0.23,3,14894,248514003083.00,,,80,,0.7,0.05,87,80,2.2,0.119,0.749,0.132,1,Asia,"Hong Kong SAR, China"
0.021,0.63,29,749447,1880100141185.00,0.039,62,254,0.045,0.1,0.102,68,64,0.7,0.298,0.651,0.051,0.313,Asia,India
0.02,0.32,48,209009,845931645339.00,0.029,99,266,0.026,0.1,0.124,72,68,1,0.296,0.653,0.051,0.507,Asia,Indonesia
0.008,0.48,22,461468,5905630870455.00,0.1,4641,330,0.002,0.8,0.015,86,79,1,0.132,0.631,0.237,0.912,Asia,Japan
0.023,0.29,19,78101,188048960311.00,0.039,458,188,0.018,0.5,,74,64,1.6,0.252,0.683,0.066,0.536,Asia,Kazakhstan
0.014,,,19037,,,,,0.024,,,73,66,0,0.223,0.687,0.09,0.603,Asia,"Korea, Dem. Rep."
0.009,0.29,6,260440,1202463655510.00,0.074,1652,225,0.003,0.8,0.058,84,78,1.1,0.157,0.728,0.114,0.82,Asia,"Korea, Rep."
0.027,0.33,10,3097,6197766119.00,0.062,71,210,0.025,0.2,0.402,74,66,1.2,0.301,0.656,0.043,0.353,Asia,Kyrgyz Republic
0.028,0.32,93,,8254088067.00,0.028,35,362,0.057,0.1,,69,66,0.8,0.362,0.601,0.037,0.343,Asia,Lao PDR
0.01,,,,36634742799.00,,,,,0.6,0.053,82,78,2.5,0.124,0.802,0.074,1,Asia,"Macao SAR, China"
0.018,0.34,6,75907,289258937259.00,0.038,384,133,0.007,0.6,0.049,77,72,1.3,0.272,0.678,0.05,0.717,Asia,Malaysia
0.022,0.09,9,,2162990126.00,0.081,525,,0.01,0.3,0.102,78,76,1.6,0.294,0.655,0.05,0.412,Asia,Maldives
0.023,0.25,13,3607,8761426371.00,0.06,190,192,0.028,0.1,0.166,71,63,1.1,0.27,0.692,0.038,0.685,Asia,Mongolia
0.018,,,14056,,0.018,19,,0.042,0,0.163,67,63,0,0.257,0.692,0.051,0.319,Asia,Myanmar
0.022,0.32,29,10391,18850351853.00,0.061,41,326,0.035,0.1,,69,66,0.5,0.364,0.586,0.05,0.172,Asia,Nepal
0.026,0.35,21,84845,213685918599.00,0.03,36,560,0.072,0.1,0.144,67,65,0.6,0.349,0.608,0.043,0.37,Asia,Pakistan
0.025,0.45,36,40452,224095219329.00,0.044,105,195,0.025,0.3,0.067,72,65,1,0.349,0.613,0.038,0.45,Asia,Philippines
0.01,0.27,3,33447,274065043106.00,0.042,2144,84,0.002,0.7,0.054,84,80,1.5,0.169,0.737,0.093,1,Asia,Singapore
0.018,1.13,37,10421,59178013928.00,0.033,93,256,0.009,0.2,0.094,77,71,0.9,0.251,0.669,0.08,0.183,Asia,Sri Lanka
0.033,0.85,24,2395,6522732203.00,0.058,48,224,0.043,0.1,0.248,71,64,0.8,0.358,0.61,0.032,0.265,Asia,Tajikistan
0.011,0.37,29,119147,345672232116.00,0.041,214,264,0.012,0.2,0.069,77,71,1.2,0.189,0.72,0.091,0.454,Asia,Thailand
0.036,0.11,94,,1128300000.00,0.046,46,276,0.05,0,0.11,68,65,0.6,0.469,0.5,0.032,0.302,Asia,Timor-Leste
0.022,,,24710,29233333333.00,0.021,114,,0.05,0.1,,69,61,1,0.289,0.671,0.041,0.487,Asia,Turkmenistan
0.022,0.98,14,47755,45324319955.00,0.056,91,205,0.039,0.3,,71,65,0.9,0.293,0.664,0.043,0.362,Asia,Uzbekistan
0.016,0.4,38,61210,135539487317.00,0.068,93,941,0.02,0.4,0.17,80,71,1.4,0.231,0.703,0.065,0.31,Asia,Vietnam
0.013,0.32,6,2173,12890867763.00,0.06,243,371,0.014,0.5,0.124,80,74,1,0.221,0.676,0.103,0.532,Europe,Albania
,,,,,0.072,3053,,0.002,0.8,,,,0.8,,,,0.873,Europe,Andorra
0.009,0.52,25,33019,415984217115.00,0.113,5643,170,0.003,0.8,,84,78,1.5,0.146,0.673,0.181,0.659,Europe,Austria
0.012,0.62,10,29501,59734593905.00,0.049,311,654,0.004,0.4,0.136,77,65,1.1,0.149,0.712,0.138,0.75,Europe,Belarus
0.012,0.57,4,59094,513317999900.00,0.105,4914,156,0.004,0.8,,83,78,1.1,0.168,0.658,0.174,0.977,Europe,Belgium
0.009,0.24,40,7095,18252896439.00,0.099,471,422,0.006,0.6,0.074,79,73,0.8,0.169,0.678,0.153,0.393,Europe,Bosnia and Herzegovina
0.01,0.27,18,19216,53542780661.00,0.073,522,500,0.011,0.5,0.106,78,71,1.4,0.134,0.68,0.186,0.726,Europe,Bulgaria
0.01,0.22,8,8439,61520901516.00,0.068,992,196,0.004,0.6,0.097,80,74,1.2,0.151,0.671,0.177,0.578,Europe,Croatia
0.012,0.22,8,2368,24851264943.00,0.074,2123,149,0.003,0.6,,82,77,1,0.174,0.708,0.118,0.674,Europe,Cyprus
0.01,0.48,20,43429,216061200559.00,0.075,1545,557,0.003,0.7,0.057,81,75,1.2,0.143,0.699,0.158,0.732,Europe,Czech Republic
0.011,0.26,6,17997,333743578564.00,0.109,6521,135,0.003,0.9,,82,78,1.3,0.178,0.651,0.171,0.87,Europe,Denmark
0.011,0.58,7,5603,22542967739.00,0.058,928,81,0.003,0.8,0.061,81,71,1.4,0.155,0.668,0.176,0.68,Europe,Estonia
0.012,,,,,,,,,0.8,,84,79,1.2,,,,0.411,Europe,Faeroe Islands
0.011,0.39,14,34749,262379400238.00,0.09,4411,93,0.002,0.9,,84,77,1.7,0.164,0.659,0.177,0.837,Europe,Finland
0.013,0.65,7,252827,2782210861683.00,0.116,4968,132,0.004,0.8,,86,79,0.9,0.183,0.646,0.171,0.786,Europe,France
0.008,0.46,15,311770,3628110015053.00,0.113,4996,221,0.003,0.8,,83,78,1.1,0.133,0.657,0.21,0.745,Europe,Germany
0.01,0.46,11,26723,289886951188.00,0.09,2304,224,0.004,0.5,,84,78,1.1,0.146,0.663,0.192,0.766,Europe,Greece
0.009,0.52,4,24964,137452115093.00,0.079,1096,277,0.006,0.7,0.083,79,71,1.2,0.146,0.685,0.169,0.693,Europe,Hungary
0.014,0.3,5,5731,14042801904.00,0.092,4051,140,0.002,0.9,0.077,84,81,1.1,0.208,0.669,0.123,0.937,Europe,Iceland
0.016,0.25,13,13216,226035376257.00,0.088,4306,76,0.003,0.7,,83,79,1.1,0.215,0.67,0.115,0.621,Europe,Ireland
,,,,,,,,,,,,,,,,,0.52,Europe,Isle of Man
0.009,0.68,6,167416,2196336800620.00,0.092,3339,285,0.003,0.5,0.046,85,80,1.6,0.14,0.654,0.205,0.684,Europe,Italy
0.018,0.15,58,2528,6630214452.00,,,164,,,0.139,72,68,,,,,,Europe,Kosovo
0.009,0.37,16,4371,28480338368.00,0.06,826,290,0.008,0.7,0.064,79,69,1.1,0.143,0.672,0.185,0.676,Europe,Latvia
0.011,,,,,,,,,0.9,,84,80,1,,,,0.144,Europe,Liechtenstein
0.011,0.43,22,7287,43083067994.00,0.067,887,175,0.005,0.6,,79,68,1.6,0.151,0.693,0.155,0.667,Europe,Lithuania
0.011,0.2,19,4171,58009863403.00,0.067,7751,59,0.002,0.9,,84,79,1.5,0.175,0.685,0.14,0.889,Europe,Luxembourg
0.011,0.08,3,3122,10395222334.00,0.069,344,119,0.008,0.6,0.089,77,73,1.1,0.171,0.71,0.118,0.57,Europe,"Macedonia, FYR"
0.01,0.41,40,857,9302057270.00,0.087,1900,139,0.005,0.7,0.047,83,79,1.2,0.153,0.697,0.15,0.948,Europe,Malta
0.012,0.31,9,3331,7016162818.00,0.114,224,228,0.014,0.4,0.144,73,65,0.9,0.165,0.723,0.112,0.449,Europe,Moldova
,,,,6074506533.00,0.044,7180,,0.003,0.8,,,,0.9,,,,1,Europe,Monaco
0.012,0.21,10,1179,4501753898.00,0.072,522,372,0.006,0.4,0.097,77,72,1.9,0.193,0.682,0.126,0.633,Europe,Montenegro
0.011,0.4,8,77419,832755438977.00,0.119,5997,127,0.004,0.9,0.02,83,79,1.2,0.173,0.667,0.159,0.878,Europe,Netherlands
0.012,0.41,7,28137,490806911071.00,0.099,9908,87,0.003,0.9,,84,79,1.2,0.187,0.661,0.152,0.794,Europe,Norway
0.01,0.4,32,101313,515771297421.00,0.068,915,296,0.005,0.6,,81,73,1.3,0.149,0.713,0.137,0.608,Europe,Poland
0.009,0.43,4,23084,237888302256.00,0.102,2302,275,0.003,0.6,,84,77,1.2,0.15,0.667,0.182,0.612,Europe,Portugal
0.01,0.43,14,35830,182610666616.00,0.056,480,222,0.012,0.4,0.121,78,71,1.1,0.15,0.701,0.149,0.54,Europe,Romania
0.013,0.47,29,730970,1904793021649.00,0.061,803,290,0.01,0.5,0.085,76,64,1.4,0.151,0.718,0.13,0.737,Europe,Russian Federation
0.01,,,,,0.055,3553,,0.003,0.5,0.059,86,80,1.1,,,,0.941,Europe,San Marino
0.009,0.34,13,16185,43749934551.00,0.103,622,279,0.006,0.4,0.172,77,72,1.3,0.167,0.695,0.138,0.553,Europe,Serbia
0.011,0.48,18,17349,95877536836.00,0.079,1415,231,0.007,0.7,,80,72,1.1,0.15,0.725,0.125,0.544,Europe,Slovak Republic
0.011,0.34,6,7249,50250147802.00,0.089,2171,260,0.003,0.7,,83,77,1.1,0.141,0.691,0.169,0.499,Europe,Slovenia
0.01,0.39,28,125570,1454534452554.00,0.093,2978,187,0.004,0.7,,86,80,1.1,0.151,0.677,0.173,0.787,Europe,Spain
0.012,0.52,16,49045,536000581090.00,0.095,5419,122,0.002,0.9,,84,80,1.2,0.166,0.649,0.185,0.852,Europe,Sweden
0.01,0.29,18,25375,658867317929.00,0.11,9248,63,0.004,0.9,0.027,85,81,1.3,0.149,0.679,0.172,0.737,Europe,Switzerland
0.017,0.4,6,112459,774754155294.00,0.061,644,226,0.019,0.4,,78,71,0.9,0.264,0.665,0.072,0.713,Europe,Turkey
0.011,0.57,24,126438,163421733019.00,0.073,262,657,0.01,0.3,0.159,76,66,1.2,0.14,0.704,0.156,0.689,Europe,Ukraine
0.013,0.36,12,188074,2462484285580.00,0.094,3659,110,0.004,0.9,0.005,83,79,1.2,0.175,0.656,0.169,0.816,Europe,United Kingdom
0.016,0.14,9,9506,29044378668.00,0.038,766,36,0.006,0.8,0.068,77,76,1.3,0.198,0.781,0.021,0.886,Middle East,Bahrain
0.019,0.44,11,212145,528426099489.00,0.068,483,344,0.016,0.2,0.11,75,72,0.7,0.236,0.712,0.052,0.712,Middle East,"Iran, Islamic Rep."
0.032,0.28,32,40220,191176927521.00,0.027,160,312,0.029,0.1,0.136,73,65,0.8,0.409,0.558,0.033,0.691,Middle East,Iraq
0.021,0.3,20,23254,258216783343.00,0.076,2373,235,0.003,0.7,0.06,84,80,1.2,0.273,0.622,0.105,0.919,Middle East,Israel
0.028,0.28,12,7064,28840197019.00,0.088,386,151,0.017,0.3,0.087,75,72,1.1,0.346,0.62,0.034,0.827,Middle East,Jordan
0.021,0.11,32,32523,160600006232.00,0.026,1349,98,0.009,0.7,0.052,75,73,1.6,0.251,0.728,0.021,0.983,Middle East,Kuwait
0.013,0.3,9,6349,40078938640.00,0.074,646,180,0.009,0.5,0.075,82,77,0.8,0.227,0.688,0.085,0.873,Middle East,Lebanon
0.022,0.22,8,25276,69971912138.00,0.024,610,62,0.01,0.5,0.062,79,74,1.6,0.257,0.717,0.026,0.757,Middle East,Oman
0.011,0.11,9,33285,169804731108.00,0.019,1738,36,0.007,0.7,0.055,79,77,1.2,0.134,0.856,0.01,0.988,Middle East,Qatar
0.02,0.15,21,187070,669506666667.00,0.035,721,79,0.014,0.5,,77,74,1.9,0.302,0.669,0.029,0.823,Middle East,Saudi Arabia
0.025,0.4,13,19986,,0.034,102,336,0.013,0.2,,78,72,0.6,0.355,0.607,0.038,0.561,Middle East,Syrian Arab Republic
0.016,0.14,13,66108,348594945288.00,0.031,1375,12,0.007,0.8,,78,76,1.3,0.14,0.857,0.003,0.844,Middle East,United Arab Emirates
0.032,0.33,12,7260,29207296703.00,0.05,63,248,0.044,0.1,0.25,64,61,0.5,0.413,0.559,0.028,0.323,Middle East,"Yemen, Rep."
,,,,,,,,,,,,,,,,,0.875,Oceania,American Samoa
0.014,0.47,3,122888,1386889147177.00,0.092,6114,109,0.004,0.8,0.077,84,80,1,0.189,0.674,0.137,0.889,Oceania,Australia
0.021,0.38,45,,3753485389.00,0.038,167,163,0.02,0.3,0.075,73,67,0.8,0.289,0.661,0.05,0.522,Oceania,Fiji
0.017,,,,,,,,,0.5,,78,74,0.8,0.233,0.698,0.07,0.563,Oceania,French Polynesia
0.018,,,,,,,,,0.6,,81,76,,0.271,0.654,0.075,0.942,Oceania,Guam
0.023,0.32,31,,172253739.00,0.108,181,120,0.047,0.1,,71,65,0.1,0.33,0.631,0.039,0.439,Oceania,Kiribati
,0.65,17,,170700000.00,0.16,567,128,0.032,0.1,,,,,,,,0.716,Oceania,Marshall Islands
0.024,0.59,16,,310287519.00,0.137,412,128,0.032,0.2,0.144,70,68,0.3,0.364,0.597,0.039,0.223,Oceania,"Micronesia, Fed. Sts."
0.016,,,,,,,,,0.5,,79,73,0.9,0.231,0.671,0.098,0.679,Oceania,New Caledonia
0.014,0.34,1,18167,163841041662.00,0.103,3715,172,0.005,0.8,0.061,83,79,1.1,0.204,0.663,0.133,0.862,Oceania,New Zealand
0.03,0.42,51,,12393604089.00,0.042,74,194,0.05,0,0.108,64,60,0.3,0.387,0.584,0.028,0.13,Oceania,Papua New Guinea
0.027,0.19,9,,631791993.00,0.07,245,224,0.016,0.1,0.1,76,70,,0.381,0.569,0.051,0.199,Oceania,Samoa
0.032,0.26,42,,868574141.00,0.077,124,80,0.026,0.1,0.132,69,66,0.5,0.406,0.561,0.033,0.205,Oceania,Solomon Islands
0.027,0.25,16,,423038017.00,0.05,219,164,0.011,0.3,0.114,75,69,0.5,0.374,0.568,0.058,0.234,Oceania,Tonga
0.027,0.08,35,,785745262.00,0.038,125,120,0.015,0.1,0.055,73,69,0.6,0.378,0.582,0.04,0.249,Oceania,Vanuatu
0.017,0.41,21,,1127037037.00,0.055,703,207,0.008,0.5,0.109,78,73,2,0.258,0.67,0.072,0.257,The Americas,Antigua and Barbuda
0.017,1.08,25,80112,557727273773.00,0.079,866,415,0.013,0.5,0.141,80,72,1.5,0.246,0.646,0.107,0.911,The Americas,Argentina
0.011,,,,2584463687.00,,,,,0.7,0.097,78,73,,0.204,0.689,0.107,0.427,The Americas,Aruba
0.015,0.47,24,,7872584000.00,0.075,1622,58,0.011,0.7,0.051,78,72,0.8,0.22,0.708,0.072,0.826,The Americas,"Bahamas, The"
0.013,0.41,18,,4368900000.00,0.072,935,245,0.014,0.7,0.087,77,73,1.2,0.191,0.704,0.105,0.319,The Americas,Barbados
0.024,0.33,44,,1489000000.00,0.058,264,147,0.015,0.2,0.134,77,71,0.7,0.349,0.612,0.039,0.447,The Americas,Belize
0.012,,,,5550771000.00,,,,,0.9,,82,77,,,,,1,The Americas,Bermuda
0.026,0.8,49,7704,23948541156.00,0.05,115,1080,0.033,0.3,0.109,69,65,0.8,0.356,0.596,0.048,0.669,The Americas,Bolivia
0.015,0.66,119,270028,2476694763271.00,0.089,1119,2600,0.014,0.5,0.439,77,70,1.2,0.25,0.679,0.071,0.846,The Americas,Brazil
0.011,0.26,5,251845,1778632046933.00,0.109,5656,131,0.005,0.8,0.03,83,79,0.8,0.164,0.691,0.145,0.811,The Americas,Canada
0.015,,,,,,,,,0.7,,,,1.7,,,,1,The Americas,Cayman Islands
0.014,0.25,8,33574,251162316598.00,0.071,1022,316,0.007,0.5,0.09,82,76,1.3,0.217,0.688,0.094,0.888,The Americas,Chile
0.019,0.76,14,31613,335415156702.00,0.065,466,193,0.015,0.4,0.112,77,70,1,0.284,0.658,0.058,0.753,The Americas,Colombia
0.016,0.55,60,4655,41237296807.00,0.102,883,246,0.009,0.4,0.161,82,77,0.9,0.244,0.689,0.067,0.729,The Americas,Costa Rica
0.01,,,11187,68233900000.00,0.106,648,,0.006,0.2,,81,77,0.1,0.169,0.703,0.127,0.767,The Americas,Cuba
0.013,,,,,,,,,,,81,74,1.4,0.197,0.669,0.134,0.898,The Americas,Curacao
,0.37,12,,491481481.00,0.06,402,117,0.011,0.5,0.088,,,1.5,,,,0.684,The Americas,Dominica
0.022,0.41,19,7382,55433248935.00,0.054,293,324,0.025,0.4,0.156,76,70,0.9,0.308,0.631,0.061,0.749,The Americas,Dominican Republic
0.021,0.35,56,12942,76769729000.00,0.069,362,654,0.02,0.3,,79,73,1,0.306,0.631,0.063,0.629,The Americas,Ecuador
0.02,0.35,17,4319,23139000000.00,0.068,252,320,0.015,0.2,,77,67,1.3,0.313,0.617,0.07,0.648,The Americas,El Salvador
0.014,,,,,,,,,0.6,,,,1,,,,0.848,The Americas,Greenland
0.019,0.45,15,,778518505.00,0.065,481,140,0.011,0.3,0.107,75,70,1.2,0.272,0.656,0.072,0.356,The Americas,Grenada
0.032,0.41,37,10163,47654789735.00,0.067,215,344,0.028,0.1,0.134,75,68,1.3,0.412,0.544,0.045,0.498,The Americas,Guatemala
0.021,0.36,20,,2576602497.00,0.068,221,263,0.032,0.3,0.145,69,63,0.7,0.373,0.595,0.033,0.283,The Americas,Guyana
0.026,0.4,105,3211,7516834160.00,0.085,62,184,0.057,0.1,0.116,64,61,0.4,0.358,0.598,0.045,0.535,The Americas,Haiti
0.026,0.44,14,4740,17710325578.00,0.084,187,224,0.02,0.2,0.186,76,71,1,0.362,0.594,0.043,0.523,The Americas,Honduras
0.015,0.44,7,3066,14433926129.00,0.052,273,414,0.015,0.4,0.195,76,71,1.1,0.284,0.637,0.079,0.539,The Americas,Jamaica
0.019,0.53,6,186171,1170085556896.00,0.06,609,347,0.014,0.4,0.049,79,75,0.8,0.295,0.643,0.061,0.781,The Americas,Mexico
0.024,0.67,39,3038,9898547558.00,0.076,124,207,0.021,0.1,0.105,77,71,0.8,0.339,0.615,0.046,0.575,The Americas,Nicaragua
0.02,0.44,8,4058,33270500000.00,0.079,664,482,0.016,0.4,0.069,80,74,1.8,0.29,0.641,0.069,0.654,The Americas,Panama
0.024,0.35,35,4858,25071193102.00,0.089,352,387,0.02,0.2,0.174,74,70,1,0.331,0.616,0.053,0.587,The Americas,Paraguay
0.02,0.37,25,20582,170563949736.00,0.047,283,309,0.014,0.4,0.187,77,72,1.1,0.296,0.643,0.061,0.773,The Americas,Peru
0.011,0.63,6,,100351670000.00,,,218,,0.5,,82,75,0.8,0.201,0.666,0.132,0.938,The Americas,Puerto Rico
,,,,,,,,,,,,,,,,,1,The Americas,Sint Maarten (Dutch part)
,0.53,19,,728148148.00,0.058,820,203,0.008,0.8,0.094,,,1.5,,,,0.318,The Americas,St. Kitts and Nevis
0.016,0.34,15,,1295925926.00,0.076,513,92,0.013,0.5,0.1,77,72,1.2,0.248,0.666,0.086,0.185,The Americas,St. Lucia
0.017,,,,,,,,,,,82,76,,,,,,The Americas,St. Martin (French part)
0.017,0.39,10,,677037037.00,0.049,310,111,0.018,0.4,0.091,74,70,1.2,0.261,0.671,0.068,0.491,The Americas,St. Vincent and the Grenadines
0.018,0.28,694,,4363219094.00,0.06,490,199,0.022,0.3,0.118,74,67,1,0.283,0.652,0.065,0.663,The Americas,Suriname
0.015,0.29,41,20918,23676348287.00,0.053,935,210,0.02,0.6,0.08,73,66,1.4,0.207,0.708,0.085,0.089,The Americas,Trinidad and Tobago
,,,,,,,,,,,,,,,,,0.907,The Americas,Turks and Caicos Islands
0.013,0.47,5,2191193,15533800000000.00,0.177,8467,187,0.006,0.7,0.033,81,76,0.9,0.197,0.669,0.133,0.809,The Americas,United States
0.015,0.42,7,4430,47236710623.00,0.088,1213,336,0.01,0.5,0.098,80,73,1.4,0.223,0.638,0.139,0.946,The Americas,Uruguay
0.02,0.63,141,70198,316482176579.00,0.045,487,864,0.014,0.4,0.172,77,71,1,0.291,0.651,0.058,0.888,The Americas,"Venezuela, RB"
0.011,,,,,,,,,0.4,,83,76,,0.206,0.649,0.145,0.948,The Americas,Virgin Islands (U.S.)
